﻿pos_x,pos_y,rotation,side,designator,mpn,pack,value,mount_type,place
110.79,-84.15,-90.0,top,C1,,C_0805_2012Metric_Pad1.18x1.45mm_HandSolder,22pF,smt,True
147.25,-65.35,180.0,top,C10,,C_0805_2012Metric_Pad1.18x1.45mm_HandSolder,C,smt,True
125.5,-84.2,-90.0,top,C2,,C_0805_2012Metric_Pad1.18x1.45mm_HandSolder,22pF,smt,True
92.6,-72.45,0.0,top,C3,,C_0805_2012Metric_Pad1.18x1.45mm_HandSolder,10uF,smt,True
97.575,-65.475,0.0,top,C4,,C_0805_2012Metric_Pad1.18x1.45mm_HandSolder,22uF,smt,True
125.15,-66.05,90.0,top,C5,,C_0805_2012Metric_Pad1.18x1.45mm_HandSolder,0.1uF,smt,True
130.2,-66.9,0.0,top,C6,,CP_EIA-3216-18_Kemet-A_Pad1.58x1.35mm_HandSolder,100uF,smt,True
97.725,-69.4,90.0,top,C7,,C_0805_2012Metric_Pad1.18x1.45mm_HandSolder,0.1uF,smt,True
104.65,-66.6,0.0,top,C8,,CP_EIA-3216-18_Kemet-A_Pad1.58x1.35mm_HandSolder,100uF,smt,True
148.625,-79.2625,90.0,top,C9,,C_0805_2012Metric_Pad1.18x1.45mm_HandSolder,C,smt,True
86.45,-65.425,0.0,top,D1,,LED_0805_2012Metric_Pad1.15x1.40mm_HandSolder,LED,smt,True
81.0,-61.75,0.0,top,H1,,MountingHole_3.2mm_M3_Pad_Via,MountingHole_Pad,tht,False
153.0,-83.25,0.0,top,H2,,MountingHole_3.2mm_M3_Pad_Via,MountingHole_Pad,tht,False
81.0,-83.25,0.0,top,H3,,MountingHole_3.2mm_M3_Pad_Via,MountingHole_Pad,tht,False
153.0,-61.75,0.0,top,H4,,MountingHole_3.2mm_M3_Pad_Via,MountingHole_Pad,tht,False
143.3,-68.55,0.0,top,J1,,PinHeader_1x04_P2.54mm_Vertical,FTDI 232RL,tht,True
129.05,-62.5,-90.0,top,J10,,Smd pad vias x3,SENSOR3,tht,True
111.15,-62.55,-90.0,top,J11,,Smd pad vias x3,SENSOR4,tht,True
146.25,-62.55,-90.0,top,J12,,Smd pad vias x3,SENSOR7,tht,True
97.8,-77.2,0.0,top,J14,,PinSocket_1x03_P2.54mm_Vertical,SERVO,tht,True
122.15,-65.96,-90.0,top,J2,,PinSocket_1x04_P2.54mm_Vertical,SDD1036,tht,True
93.0,-62.55,-90.0,top,J3,,Smd pad vias x3,SENSOR1,tht,True
154.67,-73.25,90.0,top,J4,,USB_Micro-B_Wuerth_614105150721_Vertical,USB_B_Micro,tht,True
130.05,-82.025,0.0,top,J5,,JST_XH_B2B-XH-A_1x02_P2.50mm_Vertical,Motor2,tht,True
104.2,-82.5,0.0,top,J6,,JST_XH_B2B-XH-A_1x02_P2.50mm_Vertical,Motor 1,tht,True
102.19,-62.55,-90.0,top,J7,,Smd pad vias x3,SENSOR2,tht,True
120.2,-62.55,-90.0,top,J8,,Smd pad vias x3,SENSOR5,tht,True
137.7,-62.53,-90.0,top,J9,,Smd pad vias x3,SENSOR6,tht,True
90.395,-82.945,0.0,top,JE1,,BORNERA2_DUO,V+-,tht,True
138.1,-66.55,180.0,top,R1,,R_0805_2012Metric_Pad1.20x1.40mm_HandSolder,10K,smt,True
90.5,-65.425,180.0,top,R2,,R_0805_2012Metric_Pad1.20x1.40mm_HandSolder,300,smt,True
148.725,-76.875,90.0,bottom,R3,,R_0805_2012Metric_Pad1.20x1.40mm_HandSolder,R,smt,True
146.425,-76.875,90.0,bottom,R4,,R_0805_2012Metric_Pad1.20x1.40mm_HandSolder,R,smt,True
87.75,-76.375,90.0,top,SW1,,PinHeader_1x02_P2.54mm_Vertical,SW_SPST,tht,True
138.15,-82.025,0.0,top,SW2,,SW_DIP_SPSTx02_Slide_6.7x6.64mm_W7.62mm_P2.54mm_LowProfile,SW_DIP_x02,tht,True
139.2,-73.075,-90.0,top,SW_BOOT1,,Pulsador_SMD_2_BAJO,SW_Push,tht,True
83.56,-70.15,180.0,top,U1,,TO-252-2,L7805,smt,True
118.5,-73.225,0.0,top,U2,,TQFP-32_7x7mm_Pitch0.8mm,ATMEGA328P-AU,smt,True
148.925,-71.95,180.0,top,U3,,SOIC-16_3.9x9.9mm_P1.27mm,CH340C,smt,True
134.62,-69.22,-90.0,top,U4,,DIP-8_W7.62mm,TA6586,tht,True
109.23,-69.56,-90.0,top,U5,,DIP-8_W7.62mm,TA6586,tht,True
115.83,-83.27,0.0,top,Y1,,Crystal_HC49-4H_Vertical,16MHz,tht,True
