﻿designator,quantity,value,pack,mpn,mount_type
"C1, C2",2,22pF,C_0805_2012Metric_Pad1.18x1.45mm_HandSolder,,smt
"C10, C9",2,C,C_0805_2012Metric_Pad1.18x1.45mm_HandSolder,,smt
C3,1,10uF,C_0805_2012Metric_Pad1.18x1.45mm_HandSolder,,smt
C4,1,22uF,C_0805_2012Metric_Pad1.18x1.45mm_HandSolder,,smt
"C5, C7",2,0.1uF,C_0805_2012Metric_Pad1.18x1.45mm_HandSolder,,smt
"C6, C8",2,100uF,CP_EIA-3216-18_Kemet-A_Pad1.58x1.35mm_HandSolder,,smt
D1,1,LED,LED_0805_2012Metric_Pad1.15x1.40mm_HandSolder,,smt
"H1, H2, H3, H4",4,MountingHole_Pad,MountingHole_3.2mm_M3_Pad_Via,,tht
J1,1,FTDI 232RL,PinHeader_1x04_P2.54mm_Vertical,,tht
J10,1,SENSOR3,Smd pad vias x3,,tht
J11,1,SENSOR4,Smd pad vias x3,,tht
J12,1,SENSOR7,Smd pad vias x3,,tht
J14,1,SERVO,PinSocket_1x03_P2.54mm_Vertical,,tht
J2,1,SDD1036,PinSocket_1x04_P2.54mm_Vertical,,tht
J3,1,SENSOR1,Smd pad vias x3,,tht
J4,1,USB_B_Micro,USB_Micro-B_Wuerth_614105150721_Vertical,,tht
J5,1,Motor2,JST_XH_B2B-XH-A_1x02_P2.50mm_Vertical,,tht
J6,1,Motor 1,JST_XH_B2B-XH-A_1x02_P2.50mm_Vertical,,tht
J7,1,SENSOR2,Smd pad vias x3,,tht
J8,1,SENSOR5,Smd pad vias x3,,tht
J9,1,SENSOR6,Smd pad vias x3,,tht
JE1,1,V+-,BORNERA2_DUO,,tht
R1,1,10K,R_0805_2012Metric_Pad1.20x1.40mm_HandSolder,,smt
R2,1,300,R_0805_2012Metric_Pad1.20x1.40mm_HandSolder,,smt
"R3, R4",2,R,R_0805_2012Metric_Pad1.20x1.40mm_HandSolder,,smt
SW1,1,SW_SPST,PinHeader_1x02_P2.54mm_Vertical,,tht
SW2,1,SW_DIP_x02,SW_DIP_SPSTx02_Slide_6.7x6.64mm_W7.62mm_P2.54mm_LowProfile,,tht
SW_BOOT1,1,SW_Push,Pulsador_SMD_2_BAJO,,tht
U1,1,L7805,TO-252-2,,smt
U2,1,ATMEGA328P-AU,TQFP-32_7x7mm_Pitch0.8mm,,smt
U3,1,CH340C,SOIC-16_3.9x9.9mm_P1.27mm,,smt
"U4, U5",2,TA6586,DIP-8_W7.62mm,,tht
Y1,1,16MHz,Crystal_HC49-4H_Vertical,,tht
