﻿designator,quantity,value,pack,mpn,mount_type
C1,1,10uF,CP_Elec_5x4.5,,smt
C2,1,100uF,CP_Elec_6.3x5.9,,smt
"C3, C4",2,100nF,C_0805_2012Metric_Pad1.18x1.45mm_HandSolder,,smt
"C5, C8, C9",3,~,C_0805_2012Metric_Pad1.18x1.45mm_HandSolder,,smt
"D1, D2, D3",3,LED,LED_0805_2012Metric_Pad1.15x1.40mm_HandSolder,,smt
"H1, H2, H3, H4",4,MountingHole_Pad,MountingHole_3mm_Pad_Via,,tht
J1,1,VCC,BORNERA2_DUO,,tht
J10,1,ESC,Molex_KK-254_AE-6410-02A_1x02_P2.54mm_Vertical,,tht
J2,1,Driver In,PinHeader_1x07_P2.54mm_Horizontal,,tht
J4,1,Boton2,PinHeader_1x02_P2.54mm_Horizontal,,tht
J5,1,Oled SSD1306,Molex_KK-254_AE-6410-04A_1x04_P2.54mm_Vertical,,tht
J6,1,Boton1,PinHeader_1x02_P2.54mm_Horizontal,,tht
J7,1,USB_B_Micro,USB_Micro-B_Molex-105017-0001,,smt
"J8, J9",2,Conn_01x08_Pin,PinHeader_1x08_P2.54mm_Horizontal,,tht
Jd1,1,FTDI 232RL,PinHeader_1x04_P2.54mm_Vertical,,tht
P2,1,Multiplexor 3v3,IDC-Header_2x05_P2.54mm_Vertical,,tht
P3,1,Multiplexor 5v,IDC-Header_2x05_P2.54mm_Vertical,,tht
"R1, R2, R7",3,220,R_0805_2012Metric_Pad1.20x1.40mm_HandSolder,,smt
"R3, R5",2,100,R_0805_2012Metric_Pad1.20x1.40mm_HandSolder,,smt
"R4, R6",2,10k,R_0805_2012Metric_Pad1.20x1.40mm_HandSolder,,smt
"SW_BOOT1, SW_EN1",2,SW_Push,Pulsador_SMD_2_BAJO,,tht
U1,1,AMS1117-3.3,SOT-223-3_TabPin2,,smt
U2,1,ESP32-WROOM-32E,ESP32-WROOM-32E,,smt
U4,1,CD74HC4067SM,SSOP-24_5.3x8.2mm_P0.65mm,,smt
U5,1,CH340C,SOIC-16_3.9x9.9mm_P1.27mm,,smt
