﻿pos_x,pos_y,rotation,side,designator,mpn,pack,value,mount_type,place
104.9,-67.36,-90.0,top,C1,,CP_Elec_5x4.5,10uF,smt,True
125.25,-85.61,0.0,top,C2,,CP_Elec_6.3x5.9,100uF,smt,True
128.7025,-68.47,180.0,top,C3,,C_0805_2012Metric_Pad1.18x1.45mm_HandSolder,100nF,smt,True
127.74,-65.0075,-90.0,top,C4,,C_0805_2012Metric_Pad1.18x1.45mm_HandSolder,100nF,smt,True
141.57,-95.21,180.0,top,C5,,C_0805_2012Metric_Pad1.18x1.45mm_HandSolder,~,smt,True
171.92,-70.81,-90.0,top,C8,,C_0805_2012Metric_Pad1.18x1.45mm_HandSolder,~,smt,True
161.19,-76.03,-90.0,top,C9,,C_0805_2012Metric_Pad1.18x1.45mm_HandSolder,~,smt,True
117.62,-66.8525,-90.0,top,D1,,LED_0805_2012Metric_Pad1.15x1.40mm_HandSolder,LED,smt,True
161.445,-64.035,180.0,top,D2,,LED_0805_2012Metric_Pad1.15x1.40mm_HandSolder,LED,smt,True
175.49,-65.46,180.0,top,D3,,LED_0805_2012Metric_Pad1.15x1.40mm_HandSolder,LED,smt,True
97.57,-61.41,0.0,top,H1,,MountingHole_3mm_Pad_Via,MountingHole_Pad,tht,False
187.82,-61.41,0.0,top,H2,,MountingHole_3mm_Pad_Via,MountingHole_Pad,tht,False
97.57,-106.41,0.0,top,H3,,MountingHole_3mm_Pad_Via,MountingHole_Pad,tht,False
187.57,-106.41,0.0,top,H4,,MountingHole_3mm_Pad_Via,MountingHole_Pad,tht,False
187.89,-86.18,90.0,top,J1,,BORNERA2_DUO,VCC,tht,True
124.05,-69.29,180.0,top,J10,,Molex_KK-254_AE-6410-02A_1x02_P2.54mm_Vertical,ESC,tht,True
100.19,-87.14,180.0,top,J2,,PinHeader_1x07_P2.54mm_Horizontal,Driver In,tht,True
185.545,-75.735,0.0,top,J4,,PinHeader_1x02_P2.54mm_Horizontal,Boton2,tht,True
176.82,-83.115,90.0,top,J5,,Molex_KK-254_AE-6410-04A_1x04_P2.54mm_Vertical,Oled SSD1306,tht,True
185.52,-68.635,0.0,top,J6,,PinHeader_1x02_P2.54mm_Horizontal,Boton1,tht,True
168.93,-64.3975,180.0,top,J7,,USB_Micro-B_Molex-105017-0001,USB_B_Micro,smt,True
165.28,-101.41,-90.0,top,J8,,PinHeader_1x08_P2.54mm_Horizontal,Conn_01x08_Pin,tht,True
137.27,-101.41,-90.0,top,J9,,PinHeader_1x08_P2.54mm_Horizontal,Conn_01x08_Pin,tht,True
162.25,-83.8,90.0,top,Jd1,,PinHeader_1x04_P2.54mm_Vertical,FTDI 232RL,tht,True
110.47,-95.27,-90.0,top,P2,,IDC-Header_2x05_P2.54mm_Vertical,Multiplexor 3v3,tht,True
184.33,-95.51,-90.0,top,P3,,IDC-Header_2x05_P2.54mm_Vertical,Multiplexor 5v,tht,True
117.64,-70.93,90.0,top,R1,,R_0805_2012Metric_Pad1.20x1.40mm_HandSolder,220,smt,True
157.1825,-64.035,0.0,top,R2,,R_0805_2012Metric_Pad1.20x1.40mm_HandSolder,220,smt,True
130.47,-64.985,-90.0,top,R4,,R_0805_2012Metric_Pad1.20x1.40mm_HandSolder,10k,smt,True
151.82,-83.16,90.0,top,R6,,R_0805_2012Metric_Pad1.20x1.40mm_HandSolder,10k,smt,True
174.47,-68.7,-90.0,top,R7,,R_0805_2012Metric_Pad1.20x1.40mm_HandSolder,220,smt,True
156.82,-74.16,-90.0,top,SW_BOOT1,,Pulsador_SMD_2_BAJO,SW_Push,tht,True
128.04,-74.03,90.0,top,SW_EN1,,Pulsador_SMD_2_BAJO,SW_Push,tht,True
112.16,-68.56,-90.0,top,U1,,SOT-223-3_TabPin2,AMS1117-3.3,smt,True
142.57,-71.005,0.0,top,U2,,ESP32-WROOM-32E,ESP32-WROOM-32E,smt,True
142.37,-89.41,180.0,top,U4,,SSOP-24_5.3x8.2mm_P0.65mm,CD74HC4067SM,smt,True
166.495,-74.285,0.0,top,U5,,SOIC-16_3.9x9.9mm_P1.27mm,CH340C,smt,True
